﻿pos_x,pos_y,rotation,side,designator,mpn,pack,footprint,value,mount_type
147.0,-87.5,-90.0,bottom,C1,,,C_0805_2012Metric_Pad1.18x1.45mm_HandSolder,﻿0.1µF,smt
147.0,-82.0,90.0,bottom,C2,,,C_0805_2012Metric_Pad1.18x1.45mm_HandSolder,﻿0.1µF,smt
153.5,-75.95,0.0,bottom,CAN2_5V1,,,JST_PH_S4B-PH-K_1x04_P2.00mm_Horizontal,Conn_01x04,tht
159.0,-96.5,0.0,bottom,D1,,,SOT-23_Handsoldering,BAT54C,smt
136.5,-75.95,0.0,bottom,PST-F1_IN1,,,JST_PH_S4B-PH-K_1x04_P2.00mm_Horizontal,Conn_01x04,tht
143.0,-96.5,90.0,bottom,R_PRESS_BOT1,,,R_0805_2012Metric_Pad1.20x1.40mm_HandSolder,﻿10kΩ,smt
138.5,-96.5,90.0,bottom,R_PRESS_TOP1,,,R_0805_2012Metric_Pad1.20x1.40mm_HandSolder,﻿5.6kΩ,smt
160.5,-102.0,0.0,bottom,R_TEMP_TOP1,,,R_0805_2012Metric_Pad1.20x1.40mm_HandSolder,﻿6.8kΩ,smt
129.4511,-105.0036,90.0,top,SV1,,,MA20-1L_162,~,tht
167.5511,-105.0036,-90.0,top,SV2,,,MA20-1L_162,~,tht
