﻿pos_x,pos_y,rotation,side,designator,mpn,pack,footprint,value,mount_type
134.2625,-107.7,180.0,bottom,C1,,,C_0805_2012Metric_Pad1.18x1.45mm_HandSolder,﻿0.1µF,smt
134.2625,-112.4,180.0,bottom,C2,,,C_0805_2012Metric_Pad1.18x1.45mm_HandSolder,﻿0.1µF,smt
151.6,-83.6625,90.0,bottom,C3,,,C_0805_2012Metric_Pad1.18x1.45mm_HandSolder,﻿0.1µF,smt
148.4,-83.6625,90.0,bottom,C4,,,C_0805_2012Metric_Pad1.18x1.45mm_HandSolder,1µF,smt
145.0,-83.6625,90.0,bottom,C5,,,C_1206_3216Metric_Pad1.33x1.80mm_HandSolder,10µF,smt
139.65,-74.1,180.0,top,CAN2_5V1,,,JST_PH_S4B-PH-SM4-TB_1x04-1MP_P2.00mm_Horizontal,Conn_01x04,smt
159.0,-96.5,0.0,bottom,D1,,,SOT-23_Handsoldering,BAT54C,smt
156.65,-74.1,180.0,top,PST-F1_IN1,,,JST_PH_S4B-PH-SM4-TB_1x04-1MP_P2.00mm_Horizontal,Conn_01x04,smt
143.0,-96.5,90.0,bottom,R_PRESS_BOT1,,,R_0805_2012Metric_Pad1.20x1.40mm_HandSolder,﻿10kΩ,smt
138.6,-96.5,90.0,bottom,R_PRESS_TOP1,,,R_0805_2012Metric_Pad1.20x1.40mm_HandSolder,﻿5.6kΩ,smt
160.5,-102.4,0.0,bottom,R_TEMP_TOP1,,,R_0805_2012Metric_Pad1.20x1.40mm_HandSolder,﻿6.8kΩ,smt
129.4511,-105.0036,90.0,top,SV1,,,MA20-1L_162,~,tht
167.5511,-105.0036,-90.0,top,SV2,,,MA20-1L_162,~,tht
