﻿Designator,Quantity,Value,Footprint,Package,MPN,DNP,Mount_Type,Description
"C1, C2, C3",3,﻿0.1µF,C_0805_2012Metric_Pad1.18x1.45mm_HandSolder,,,,smt,Unpolarized capacitor
C4,1,1µF,C_0805_2012Metric_Pad1.18x1.45mm_HandSolder,,,,smt,Unpolarized capacitor
C5,1,10µF,C_1206_3216Metric_Pad1.33x1.80mm_HandSolder,,,,smt,Unpolarized capacitor
"CAN2_5V1, PST-F1_IN1",2,Conn_01x04,JST_PH_S4B-PH-SM4-TB_1x04-1MP_P2.00mm_Horizontal,,,,smt,"Generic connector, single row, 01x04, script generated (kicad-library-utils/schlib/autogen/connector/)"
D1,1,BAT54C,SOT-23_Handsoldering,,,,smt,"dual schottky barrier diode, common cathode"
R_PRESS_BOT1,1,﻿10kΩ,R_0805_2012Metric_Pad1.20x1.40mm_HandSolder,,,,smt,Resistor
R_PRESS_TOP1,1,﻿5.6kΩ,R_0805_2012Metric_Pad1.20x1.40mm_HandSolder,,,,smt,Resistor
R_TEMP_TOP1,1,﻿6.8kΩ,R_0805_2012Metric_Pad1.20x1.40mm_HandSolder,,,,smt,Resistor
"SV1, SV2",2,~,MA20-1L_162,,,,tht,
